agent_id,step,context_tokens_proxy,observation_tokens_proxy,tool_wait_s
0,0,34,128,0.22666327772875722
0,1,479,128,0.178297586456874
1,0,34,128,0.122093261175144
1,1,477,128,0.17797357398528346
